example_id,customer_inquiry,true_intent,predicted_intent,confidence
golden_001,#iOS 11.1 bug verified @115858 https://t.co/uBmIpA9EOw,SOFTWARE_UPDATE_OS,SOFTWARE_UPDATE_OS,0.8845
golden_002,"@AppleSupport my iphone 7 plus stuck in apple logo screen, it's iOS 11.1 . Is there any permanent fix?",SOFTWARE_UPDATE_OS,DEVICE_PERFORMANCE_CRASH,0.4931
golden_003,@AppleSupport @115858 your new iOS is making me dizzy!!! 📱 https://t.co/VKOCsg4otp,SOFTWARE_UPDATE_OS,SOFTWARE_UPDATE_OS,0.541
golden_004,@AppleSupport After 11.0.3 update my FB app opens but won’t load! And now I can’t livestream for my business... How do I fix this problem?!,SOFTWARE_UPDATE_OS,SOFTWARE_UPDATE_OS,0.405
golden_005,Thank you @AppleSupport for messing up my phone 7s with your newest update. It was purring like a kitten until yesterday. #tinkerman,SOFTWARE_UPDATE_OS,SOFTWARE_UPDATE_OS,0.5144
golden_006,"@AppleSupport My iPhone X is having consistent GPS drift/lag issues. Can I expect a software update, or shall I look at getting a replacement?",SOFTWARE_UPDATE_OS,SOFTWARE_UPDATE_OS,0.3867
golden_007,@AppleSupport I️ can’t deal with this I️ situation any longer. I️ hate iOS. I️ hate it.,SOFTWARE_UPDATE_OS,SOFTWARE_UPDATE_OS,0.3301
golden_008,"@115858 Your new update is buggy, plus alarms don’t got off if phones are on vibrate!!!!!",SOFTWARE_UPDATE_OS,SOFTWARE_UPDATE_OS,0.5542
golden_009,@822111 @115858 Exactly ever since i updated my phone the troubles started &amp; that’s how Apple sabotages your phone to make u get a new one,SOFTWARE_UPDATE_OS,SOFTWARE_UPDATE_OS,0.5698
golden_010,@AppleSupport Its the latest version ios 11.1.2 and on safari,SOFTWARE_UPDATE_OS,SOFTWARE_UPDATE_OS,0.8604
golden_011,@AppleSupport I have powered down the device (iPhone 7+) and restated. After the last update I noticed,SOFTWARE_UPDATE_OS,SOFTWARE_UPDATE_OS,0.4523
golden_012,@AppleSupport bro fix this shit &amp; my phone slow with this dumb ass update,SOFTWARE_UPDATE_OS,SOFTWARE_UPDATE_OS,0.4893
golden_013,"@AppleSupport WTF is this bull****, I'm so angry righ now, every f** time i wanna download a app it tells me you need to switch up to US store, when i switch I can't f** download the app, why why i cant get the apps that i want when am paying 1000$ and can use full version of it",SOFTWARE_UPDATE_OS,OTHER_OR_UNCLEAR,0.3176
golden_014,@AppleSupport should I be bypassing object garbage collection in macOS and iOS?,SOFTWARE_UPDATE_OS,SOFTWARE_UPDATE_OS,0.5362
golden_015,Updated my iPhone and my Hotspot still won’t work anymore. @AppleSupport Growing tired of these issues with iPhones.,SOFTWARE_UPDATE_OS,SOFTWARE_UPDATE_OS,0.3986
golden_016,We have been loyal apple customers but not being able to share a photo since the last update is taking the biscuit @115858 #reconsidering,SOFTWARE_UPDATE_OS,SOFTWARE_UPDATE_OS,0.4537
golden_017,Ugh @AppleSupport @115858 the new iOS is so damn glitchy,SOFTWARE_UPDATE_OS,SOFTWARE_UPDATE_OS,0.5824
golden_018,"@115858 #iOS11 #iPhone says ""-0:08"" in recorded video's time display in #photos app 🙄 #UserExperience #userinterface #uxdesign #uidesign #designthinking #DesigningForHumans @AppleSupport https://t.co/l7rgM6wjrX",SOFTWARE_UPDATE_OS,SOFTWARE_UPDATE_OS,0.4142
golden_019,"@AppleSupport Seems I woke up to a new update. Restarted and palpable slowdown in my Safari and Chrome. Start a video and the fan goes like crazy, Safari freezes., Chrome just keeps loading",SOFTWARE_UPDATE_OS,SOFTWARE_UPDATE_OS,0.3542
golden_020,@AppleSupport My phone works super slow since I updated it yesterday &amp; it keeps glitching &amp; freezing up I have to close out apps for them to work properly,SOFTWARE_UPDATE_OS,SOFTWARE_UPDATE_OS,0.4804
golden_021,"Ever since the latest update, my iPhone has been a useless piece of shit.I used to love this thing too. Sigh. @115858",SOFTWARE_UPDATE_OS,SOFTWARE_UPDATE_OS,0.6327
golden_022,@115858 You need to fix your letter i’s on the new update. Look at this - I️ I️ I️ I️ I️ I️ I️ I️ I️ I️ I️ !!!!!,SOFTWARE_UPDATE_OS,SOFTWARE_UPDATE_OS,0.5519
golden_023,"@AppleSupport ANY of those stuf worked, im trying to install the OS High Sierra but still going to sleep mode while doing it! 😤 #wtf??",SOFTWARE_UPDATE_OS,SOFTWARE_UPDATE_OS,0.5463
golden_024,@AppleSupport I literally had to make a Twitter to contact you. I can’t place or receive calls after iOS 11.3. What do I do?,SOFTWARE_UPDATE_OS,SOFTWARE_UPDATE_OS,0.372
golden_025,@AppleSupport The whole phone! Literally when opening up anything or using it generally. Prior to updates it was completely fine https://t.co/eT0p1Xo7pX,SOFTWARE_UPDATE_OS,SOFTWARE_UPDATE_OS,0.29
golden_026,"@AppleSupport It happened again. Time, network bars, battery sign, the ears of the notch shifts to the left... 😯😐",BATTERY_POWER_CHARGING,BATTERY_POWER_CHARGING,0.5202
golden_027,"Hey @115858 , long time user! I woke up with 100% and 40 minutes later here I am on 6% ...your battery life is garbage, step it up honey.",BATTERY_POWER_CHARGING,BATTERY_POWER_CHARGING,0.6757
golden_028,@AppleSupport your latest update is DRAINING my battery and I’m not even getting whatsapp notifications until I open the app 😡,BATTERY_POWER_CHARGING,BATTERY_POWER_CHARGING,0.8043
golden_029,@AppleSupport this new 11.0.3 is s**t I has completely ruined my phone it doesn’t stop crashing and freezing battery is crap now too!!,BATTERY_POWER_CHARGING,BATTERY_POWER_CHARGING,0.6031
golden_030,@AppleSupport @115858 @125607 using ios 11.0.3 and even i take help of @AppleSupport and they check for battery and said it is working fine but its not up to the mark,BATTERY_POWER_CHARGING,BATTERY_POWER_CHARGING,0.4224
golden_031,how is that I have a new iPhone 8+ and my battery is at 49% already when I left three hours ago it was at 75%? Fix your shit @AppleSupport,BATTERY_POWER_CHARGING,BATTERY_POWER_CHARGING,0.6747
golden_032,"@AppleSupport Can you get my iPhone 7plus back on the old iOS please? Battery runs out in half the time, apps now frequently crash.",BATTERY_POWER_CHARGING,BATTERY_POWER_CHARGING,0.503
golden_033,"Has anyone else noticed decreased battery life with iOS 11? Mine seems to be running out _much_ faster. Could be age of the phone, but it's only a 2y-old 6S+. @AppleSupport",BATTERY_POWER_CHARGING,BATTERY_POWER_CHARGING,0.6665
golden_034,@applesupport does Apple still offer $80 battery replacements for iPhone’s out of warranty????,BATTERY_POWER_CHARGING,BATTERY_POWER_CHARGING,0.6195
golden_035,@AppleSupport Why is iOS 11 draining my 6s plus battery😑😡,BATTERY_POWER_CHARGING,BATTERY_POWER_CHARGING,0.9242
golden_036,@115858 ever since I️ updated this damn phone my battery has been trash! Fix this!,BATTERY_POWER_CHARGING,BATTERY_POWER_CHARGING,0.7302
golden_037,@115858 are you trying to make me switch to a new non-apple phone with this update. No battery and half the features don’t work. Fix it!,BATTERY_POWER_CHARGING,BATTERY_POWER_CHARGING,0.42
golden_038,"@AppleSupport iOS 11.0.3 is laggy, unresponsive, battery draining. There are more which cant fit in 140 characters. DO SOMETHING! Fast. Pls.",BATTERY_POWER_CHARGING,BATTERY_POWER_CHARGING,0.7223
golden_039,@AppleSupport my phone is very slow and battery life is very short only 1 hour when i update to version 11.1.2 what to do now? my phone is 7,BATTERY_POWER_CHARGING,BATTERY_POWER_CHARGING,0.7626
golden_040,@AppleSupport Hey i have an issue with my iphone 6. the charging time is very2 slow compare to my iphone se. is there any solution for it?,BATTERY_POWER_CHARGING,BATTERY_POWER_CHARGING,0.2492
golden_041,@AppleSupport Hi. I upgraded to 11.1 yesterday. The drain is still very much there.,BATTERY_POWER_CHARGING,SOFTWARE_UPDATE_OS,0.2402
golden_042,@741671 @115858 It messed up my charging and the camera wasn’t working,BATTERY_POWER_CHARGING,OTHER_OR_UNCLEAR,0.3087
golden_043,@AppleSupport I've updated my iphone 7 to iOS 11.1 and battery is draining really fast! I want to come back to iOS 10.3 please!!!!,BATTERY_POWER_CHARGING,BATTERY_POWER_CHARGING,0.8049
golden_044,@AppleSupport iOS 11 ate my battery 😿 https://t.co/1xJWMKDnTY,BATTERY_POWER_CHARGING,BATTERY_POWER_CHARGING,0.9889
golden_045,"@AppleSupport using iOS 11.0.3 on iPhone 6. I should have never updated. My battery used to get me trough a whole day, now it’s dead.",BATTERY_POWER_CHARGING,BATTERY_POWER_CHARGING,0.4261
golden_046,@115858 And the phone just switched itself off with 61% battery. https://t.co/tIGlxIsBAr,BATTERY_POWER_CHARGING,BATTERY_POWER_CHARGING,0.4773
golden_047,I’ve been awake for less than half an hour and have used my phone for an even shorter time. Battery is at 80% now. FIX THIS @115858 😡,BATTERY_POWER_CHARGING,BATTERY_POWER_CHARGING,0.7154
golden_048,@AppleSupport can you tell me why why my iPhone 7 can’t last 2 minutes without overheating and acting like it’s not connected to the internet,BATTERY_POWER_CHARGING,OTHER_OR_UNCLEAR,0.2762
golden_049,@AppleSupport after my iOS updates my battery is not even lasting half the day.....Fix this issue!!!!,BATTERY_POWER_CHARGING,BATTERY_POWER_CHARGING,0.8621
golden_050,My iPhone 6s with iOS 11 is sluggish and has reduced battery life. What can I do? @AppleSupport,BATTERY_POWER_CHARGING,BATTERY_POWER_CHARGING,0.9226
golden_051,"Hi @AppleSupport, please open up iPhone #NFC to support FIDO #U2F #2FA...cc @67 @331078",APPLE_ID_ACCOUNT_SECURITY,OTHER_OR_UNCLEAR,0.3522
golden_052,@AppleSupport Is there a way to delete iCloud Photo Library and start over w/o a 30 day wait? Deleting all photos didn't work. https://t.co/qwPfYLeHEK,APPLE_ID_ACCOUNT_SECURITY,APPLE_ID_ACCOUNT_SECURITY,0.5731
golden_053,@AppleSupport It was restored but I don’t understand why that needed to happen for a software upgrade. My free iCloud storage apparently ran out June 26.,APPLE_ID_ACCOUNT_SECURITY,APPLE_ID_ACCOUNT_SECURITY,0.6465
golden_054,@AppleSupport how do I sign out my Apple ID account without having to verify my account? I know the password to my Apple ID I just can’t verify my account because I forgot my email password I literally had this since the first iPod Touch came out. I just want to sign out,APPLE_ID_ACCOUNT_SECURITY,APPLE_ID_ACCOUNT_SECURITY,0.9564
golden_055,@AppleSupport I cant access to imessage in an iPad. I have a new apple ID. what's wrong?,APPLE_ID_ACCOUNT_SECURITY,APPLE_ID_ACCOUNT_SECURITY,0.3694
golden_056,@AppleSupport why does it take so lone to reset a password. 30 hours and no word yet????,APPLE_ID_ACCOUNT_SECURITY,APPLE_ID_ACCOUNT_SECURITY,0.4471
golden_057,"@AppleSupport if i choose to buy icloud storage, can i use my itunes credit to pay for it?",APPLE_ID_ACCOUNT_SECURITY,APPLE_ID_ACCOUNT_SECURITY,0.6952
golden_058,@AppleSupport what do you have to do to get an Apple ID and iCloud password reset?! The ‘call’ never comes?! Can’t they do it in store?,APPLE_ID_ACCOUNT_SECURITY,APPLE_ID_ACCOUNT_SECURITY,0.9551
golden_059,"@AppleSupport OK/Accept button is disabled in the touch bar running on macOS Sierra , after entering Apple ID password for downloading apps from App Store. https://t.co/ueS9luWEE5",APPLE_ID_ACCOUNT_SECURITY,APPLE_ID_ACCOUNT_SECURITY,0.709
golden_060,"@115858 I changed my Apple ID and I went to update my stuff but it brought up the old, disabled one that no longer functions. What do I do? https://t.co/lPx3wBuvTM",APPLE_ID_ACCOUNT_SECURITY,APPLE_ID_ACCOUNT_SECURITY,0.3531
golden_061,why is my iPhone doing this when it’s the correct password @AppleSupport ?????? https://t.co/3yg2P8aAJ6,APPLE_ID_ACCOUNT_SECURITY,OTHER_OR_UNCLEAR,0.3677
golden_062,"@115858 after the last update, it messed up my Apple ID and won’t accept my password wth do I do now🤦🏻‍♀️",APPLE_ID_ACCOUNT_SECURITY,APPLE_ID_ACCOUNT_SECURITY,0.7737
golden_063,I need help @AppleSupport how can I download my music from my iCloud?? Please guide me,APPLE_ID_ACCOUNT_SECURITY,APPLE_ID_ACCOUNT_SECURITY,0.7031
golden_064,@AppleSupport My photos stopped syncing between iPhone &amp; MacBook pro yesterday. iCloud settings are all correct on both devices. Any suggestions to remedy?,APPLE_ID_ACCOUNT_SECURITY,APPLE_ID_ACCOUNT_SECURITY,0.5443
golden_065,@AppleSupport ever since I updated my iPhone 6 to iOS 11.1 (currently at 11.1.2) my battery life is terrible. I lose 10%/hr with the phone locked and in “low power” mode. Support told me it is a known issue with iOS 11.1 When will it be fixed?,APPLE_ID_ACCOUNT_SECURITY,BATTERY_POWER_CHARGING,0.6312
golden_066,Locked myself out of my @115858 account and every time I try to check the recovery process it resets....@AppleSupport,APPLE_ID_ACCOUNT_SECURITY,APPLE_ID_ACCOUNT_SECURITY,0.4303
golden_067,@AppleSupport don’t know how to get help with this: I continuously have to log in with my Apple ID and password in “environment: Sandbox”. What is this and how do I get rid of it? It’s very annoying using navigation.,APPLE_ID_ACCOUNT_SECURITY,APPLE_ID_ACCOUNT_SECURITY,0.5451
golden_068,"@AppleSupport Which I understand, if i purchased a phone with 11GB of storage. I purchased extra icloud storage, can this not be kept there?",APPLE_ID_ACCOUNT_SECURITY,APPLE_ID_ACCOUNT_SECURITY,0.4943
golden_069,@AppleSupport trying to restore from iCloud back up. Need 11.02 on new phone first however all I get when attempting to update https://t.co/LSWHrWPkqa,APPLE_ID_ACCOUNT_SECURITY,APPLE_ID_ACCOUNT_SECURITY,0.3998
golden_070,"@AppleSupport I’ve completely reset my iPad but it’s asking me for a sign in to get back into the device which I don’t know, what can I do?",APPLE_ID_ACCOUNT_SECURITY,APPLE_ID_ACCOUNT_SECURITY,0.3749
golden_071,@115858 u really need to come up with a way for me to access my icloud account when my phone is broken,APPLE_ID_ACCOUNT_SECURITY,APPLE_ID_ACCOUNT_SECURITY,0.6714
golden_072,These damn check boxes @115858 is annoying and I️ can’t fix it because y’all won’t fix my damn iCloud account,APPLE_ID_ACCOUNT_SECURITY,APPLE_ID_ACCOUNT_SECURITY,0.4193
golden_073,My iPhone just signed itself out of iCloud and I lost all of my synced contacts when I tried to sign back in. @AppleSupport,APPLE_ID_ACCOUNT_SECURITY,APPLE_ID_ACCOUNT_SECURITY,0.7074
golden_074,@AppleSupport iCloud music on but won’t load on daughters iMac desktop. Says ‘We couldn’t make your iCloud Music Library available’. Help 😬,APPLE_ID_ACCOUNT_SECURITY,APPLE_ID_ACCOUNT_SECURITY,0.8503
golden_075,"@AppleSupport my dad has updated his phone and it said 'deleted iCloud data' - I signed back into his iCloud, but photos aren't there.",APPLE_ID_ACCOUNT_SECURITY,APPLE_ID_ACCOUNT_SECURITY,0.8541
golden_076,@AppleSupport When connected to a sucky WiFi network everything stops working instead of switching to LTE,AUDIO_CONNECTIVITY_BLUETOOTH,AUDIO_CONNECTIVITY_BLUETOOTH,0.8284
golden_077,@AppleSupport Think we're in business: went into a user forum - this seems a common problem! - and it suggested restarting the wifi router. 🤞🏼,AUDIO_CONNECTIVITY_BLUETOOTH,AUDIO_CONNECTIVITY_BLUETOOTH,0.3899
golden_078,@AppleSupport The display flashes on certain apps and sound cuts out on videos sometimes.,AUDIO_CONNECTIVITY_BLUETOOTH,AUDIO_CONNECTIVITY_BLUETOOTH,0.2638
golden_079,"@115858 I have the iPhone 7+ Every time I have updated the iOS, it fries my phone.It reads “No Service” No carrier update is available. Help?",AUDIO_CONNECTIVITY_BLUETOOTH,SOFTWARE_UPDATE_OS,0.7344
golden_080,@AppleSupport It wouldn't work through wifi as Apple told me I'm 6 updates behind so I was sitting today for 8 hours with my phone plugged in to iTunes,AUDIO_CONNECTIVITY_BLUETOOTH,AUDIO_CONNECTIVITY_BLUETOOTH,0.4203
golden_081,@727897 @AppleSupport @115858 Get no sound when I receive a message,AUDIO_CONNECTIVITY_BLUETOOTH,AUDIO_CONNECTIVITY_BLUETOOTH,0.534
golden_082,@AppleSupport @115858 fix the off-ish issue with Wi-Fi and Bluetooth in the control center. The UI is deceiving.,AUDIO_CONNECTIVITY_BLUETOOTH,AUDIO_CONNECTIVITY_BLUETOOTH,0.9467
golden_083,@AppleSupport Can you fix the I️ problem with my keyboard?!? I️ am sounding like a nut out here.,AUDIO_CONNECTIVITY_BLUETOOTH,OTHER_OR_UNCLEAR,0.6273
golden_084,@AppleSupport my iPhone X front speaker sounds like it’s screaming out its lungs when I’m playing music at full volume (crackling vibration) since the first day. On iOS 11.1.1. Any advise?,AUDIO_CONNECTIVITY_BLUETOOTH,AUDIO_CONNECTIVITY_BLUETOOTH,0.3263
golden_085,@AppleSupport my phone keeps turning cellular off. Why and how do I fix it?,AUDIO_CONNECTIVITY_BLUETOOTH,OTHER_OR_UNCLEAR,0.3375
golden_086,"@AppleSupport Not really, it’s completely random. I turned off all sound notifications yesterday and it’s still happening. Just now actually...",AUDIO_CONNECTIVITY_BLUETOOTH,AUDIO_CONNECTIVITY_BLUETOOTH,0.258
golden_087,"@AppleSupport why my iPhone do some weirds “beeps” when someone send me a text? I mean not the normal sound, do two doble beeps!?",AUDIO_CONNECTIVITY_BLUETOOTH,OTHER_OR_UNCLEAR,0.3613
golden_088,"@AppleSupport No dial tone, no sound when the call connects...",AUDIO_CONNECTIVITY_BLUETOOTH,AUDIO_CONNECTIVITY_BLUETOOTH,0.4615
golden_089,"This probably a stupid question, but is there a way to turn notifications on for apps but only when connected to wifi? @AppleSupport @115858",AUDIO_CONNECTIVITY_BLUETOOTH,AUDIO_CONNECTIVITY_BLUETOOTH,0.5116
golden_090,I dumped my phone and reset to factory settings and it still didn’t fix the problem. Notification sounds still not working. Dammit @115858,AUDIO_CONNECTIVITY_BLUETOOTH,OTHER_OR_UNCLEAR,0.2958
golden_091,@117735 @AppleSupport Cellular data suddenly not working on iPhone 8. Not sure if this is a network or software problem. 2 bars/LTE.,AUDIO_CONNECTIVITY_BLUETOOTH,AUDIO_CONNECTIVITY_BLUETOOTH,0.4891
golden_092,"@AppleSupport Just tested using a default alarm sound. Doesn't care about that other, whether or not you max out the volume.",AUDIO_CONNECTIVITY_BLUETOOTH,OTHER_OR_UNCLEAR,0.3079
golden_093,"@AppleSupport Will homepod be able to be setup as a ""home hub,"" like ipad and apple tv, or will I need one of those other devices to do automation. This sounds like it is: ""And it’s a hub for controlling your smart home accessories."" But I'd like confirmation on interpretation.",AUDIO_CONNECTIVITY_BLUETOOTH,OTHER_OR_UNCLEAR,0.2722
golden_094,"@AppleSupport I’ve cleared out some dust and its still not supported they are @420723 headphones, they have worked before, but not now :-(",AUDIO_CONNECTIVITY_BLUETOOTH,AUDIO_CONNECTIVITY_BLUETOOTH,0.4025
golden_095,@AppleSupport My custom default ringtone isn’t being played when I receive a call. It is selected in sound settings. Happened since IOS 11.,AUDIO_CONNECTIVITY_BLUETOOTH,AUDIO_CONNECTIVITY_BLUETOOTH,0.3286
golden_096,@AppleSupport why is my husbands phone repeatedly showing this when he is connected to WiFi? https://t.co/OExcPYXDrT,AUDIO_CONNECTIVITY_BLUETOOTH,AUDIO_CONNECTIVITY_BLUETOOTH,0.5903
golden_097,"Instantly regretting my @118845 purchase. I'm exactly one month outside of my warranty and my ""worlds greatest headphones"" decided to stop working all together. Fantastic.",AUDIO_CONNECTIVITY_BLUETOOTH,AUDIO_CONNECTIVITY_BLUETOOTH,0.3688
golden_098,@115858 y’all looking at fixing the iPhone’s WiFi switching on by itself every 5mins or nah ?,AUDIO_CONNECTIVITY_BLUETOOTH,AUDIO_CONNECTIVITY_BLUETOOTH,0.5464
golden_099,"Wish I hadn't updated my phone because now it refuses to connect to Bluetooth. Thanks, @115858",AUDIO_CONNECTIVITY_BLUETOOTH,AUDIO_CONNECTIVITY_BLUETOOTH,0.607
golden_100,@AppleSupport iPhone 7 Headphone connection is flawed. It constantly pauses what I am listening to if the chord gets moved very slightly.,AUDIO_CONNECTIVITY_BLUETOOTH,OTHER_OR_UNCLEAR,0.3518
golden_101,"@AppleSupport Yes, with all of them. Now 11.0.3, still freezing and having to hard reboot! Very angry and disappointed... i have a 6s. Never repaired.",HARDWARE_PHYSICAL_DAMAGE,SOFTWARE_UPDATE_OS,0.2956
golden_102,@AppleSupport help my iPhone screen shattered again. 😭,HARDWARE_PHYSICAL_DAMAGE,OTHER_OR_UNCLEAR,0.3347
golden_103,"@AppleSupport @116333 my new Macbook Pro died and the promised 3-5 day repair time is now well into 10 days, with the store being clueless. Cooool.",HARDWARE_PHYSICAL_DAMAGE,OTHER_OR_UNCLEAR,0.2448
golden_104,The fan on my Time capsule seems to have died. Is there any way of getting it repaired @AppleSupport? Don't really want to buy another!,HARDWARE_PHYSICAL_DAMAGE,OTHER_OR_UNCLEAR,0.2592
golden_105,@AppleSupport I have on a screen protector and otter box so I’m pretty sure it’s not water damaged.,HARDWARE_PHYSICAL_DAMAGE,OTHER_OR_UNCLEAR,0.3565
golden_106,@AppleSupport today at the genius bar my technician hit on me and called me hun. this was horrifying and terrifying. do better lol,HARDWARE_PHYSICAL_DAMAGE,OTHER_OR_UNCLEAR,0.4168
golden_107,"@AppleSupport my Apple Watch Series 2 sometimes has a sticky Digital Crown, making it hard to turn. Would a repair on this be covered by Apple Care?",HARDWARE_PHYSICAL_DAMAGE,OTHER_OR_UNCLEAR,0.4102
golden_108,So @AppleSupport do you happen to have a exorcist at the Genius Bar by chance? https://t.co/mHeZqSH7rR,HARDWARE_PHYSICAL_DAMAGE,OTHER_OR_UNCLEAR,0.4974
golden_109,@115858 @AppleSupport what can I do if a support representative over the phone has offered an awesome courtesy solution for a repair but the store itself doesn't allow it? .. can a Canadian ship the product back to Apple? Please help! 😢,HARDWARE_PHYSICAL_DAMAGE,OTHER_OR_UNCLEAR,0.3517
golden_110,@AppleSupport want to send a commendation to the employee who helped me at the genius bar yesterday. How do I do that?,HARDWARE_PHYSICAL_DAMAGE,OTHER_OR_UNCLEAR,0.4104
golden_111,Hey @AppleSupport @115858 — two brand new MacBook Pros now dead in the water. I’m being asked to pay for repairs. Is that the best you can do?,HARDWARE_PHYSICAL_DAMAGE,APP_STORE_BILLING_SUBSCRIPTIONS,0.2953
golden_112,"@AppleSupport taking my computer in store tomorrow for repair, will the Genius Bar need my user password?",HARDWARE_PHYSICAL_DAMAGE,APPLE_ID_ACCOUNT_SECURITY,0.4811
golden_113,@AppleSupport my Apple ID is locked and my phone text messaging isn’t working. #catch22 Should I️ go to a Genius Bar to resolve in person? 😕,HARDWARE_PHYSICAL_DAMAGE,APPLE_ID_ACCOUNT_SECURITY,0.809
golden_114,"If your returned iPhone needs repairs under Apple’s upgrade program, an email sends you to this page: @AppleSupport please fix. https://t.co/eckXXE3KMD",HARDWARE_PHYSICAL_DAMAGE,OTHER_OR_UNCLEAR,0.5467
golden_115,@115858 I can’t deal wit this anymore. I’m tired of my phone always cutting of when it’s not even dead. I’m tired of my phone glitching. I’m tired of my speakers not working at moments and I’ve never dropped my phone in water. C’mon now do better or I’ll switch Bc it’s too much.,HARDWARE_PHYSICAL_DAMAGE,OTHER_OR_UNCLEAR,0.2649
golden_116,@AppleSupport Booked a Genius Bar appt in advance. Waited 25 minutes and still no help.,HARDWARE_PHYSICAL_DAMAGE,OTHER_OR_UNCLEAR,0.3173
golden_117,. @115858 @AppleSupport Took my phone into the Apple store to get repaired this morning at nine. Picked it up at eleven. Phone died at five.,HARDWARE_PHYSICAL_DAMAGE,OTHER_OR_UNCLEAR,0.3282
golden_118,"Getting stuck on this screen for hours: tried resetting NVRAM, booting in safe mode, disk repair,&amp; reinstalling Mac OS #NoJoy @AppleSupport https://t.co/uLDBLO7jCQ",HARDWARE_PHYSICAL_DAMAGE,OTHER_OR_UNCLEAR,0.3242
golden_119,@AppleSupport I have apple insurance on my sons iphone. Do I need to sign for a repair or could my husband take it to a Genius Bar? Thx,HARDWARE_PHYSICAL_DAMAGE,APPLE_ID_ACCOUNT_SECURITY,0.2912
golden_120,"@AppleSupport i dropped my iPhone 7 and the glass on the rear camera cracked, how much will it cost to fix it? (Am from mexico btw)",HARDWARE_PHYSICAL_DAMAGE,OTHER_OR_UNCLEAR,0.3614
golden_121,"Was looking at @6000 Semi launch video and screen cracked when I left @115858 MacBook alone in the break. Weird. @AppleSupport has anyone ever reported a screen crack this season for MacBook 15"" 2016 without a real physical damage? (possible design flaws?)",HARDWARE_PHYSICAL_DAMAGE,OTHER_OR_UNCLEAR,0.353
golden_122,@AppleSupport unable to set Genius Bar appt. please help,HARDWARE_PHYSICAL_DAMAGE,OTHER_OR_UNCLEAR,0.4919
golden_123,For the third time in under a year my laptop is defective and needs repairs. Thanks @115858! (Warranty expires in 2 weeks).,HARDWARE_PHYSICAL_DAMAGE,OTHER_OR_UNCLEAR,0.2887
golden_124,@115858 I dropped my phone listening to music &amp; the #dongle broke. #WTF??? #disappointed #apple https://t.co/Eig8Z4WO7W,HARDWARE_PHYSICAL_DAMAGE,OTHER_OR_UNCLEAR,0.4349
golden_125,"Dear @115858 I got a MacBook Pro 4 and a half years ago, I’ve only had to get major repairs on it 5 times and don’t worry it died again today",HARDWARE_PHYSICAL_DAMAGE,OTHER_OR_UNCLEAR,0.2772
golden_126,Please find below receipt of purchase and the screenshot from iTunes Store asking for another £7.99 to purchase same film again. @AppleSupport @118721 Please have my purchase restore immediately https://t.co/eoOpVHUFri,APP_STORE_BILLING_SUBSCRIPTIONS,OTHER_OR_UNCLEAR,0.3302
golden_127,"Bought a brand new 32gb iPhone and I click into storage to find 21gb available, I’m going to presume the other 11gb is stuck in the post and will be here shortly yes? @115858",APP_STORE_BILLING_SUBSCRIPTIONS,DEVICE_PERFORMANCE_CRASH,0.3116
golden_128,@AppleSupport my work uses an app with nfc to access our building. When I use it Apple Pay comes on the screen. How can this be stopped?,APP_STORE_BILLING_SUBSCRIPTIONS,APP_STORE_BILLING_SUBSCRIPTIONS,0.3668
golden_129,@115858 thanks for this most recent useless update.. my phone now has now battery life and charges slow,APP_STORE_BILLING_SUBSCRIPTIONS,BATTERY_POWER_CHARGING,0.7345
golden_130,My phone mysteriously won't turn on even though it was being charged all night. Now I'm late for work. Thank you @115858 for ruining my day.,APP_STORE_BILLING_SUBSCRIPTIONS,APP_STORE_BILLING_SUBSCRIPTIONS,0.5245
golden_131,"@AppleSupport my beatsx charges, detected in the beats updater on my mac, latest firmware, but doesn’t turn on. Likely due to the poor design of the neckband that weaken the power connector to the headphone. Tried to reset it. What should I do? I’m from Indonesia",APP_STORE_BILLING_SUBSCRIPTIONS,AUDIO_CONNECTIVITY_BLUETOOTH,0.3278
golden_132,"@AppleSupport hi..I've got the problem with my Macbook Charger, I have MacPro Retina 13', the charger looks like this..how to fix it? Ty😧 https://t.co/IRqqN1fRYR",APP_STORE_BILLING_SUBSCRIPTIONS,APP_STORE_BILLING_SUBSCRIPTIONS,0.5131
golden_133,Now my phone won't charge.....i see what y'all did @115858,APP_STORE_BILLING_SUBSCRIPTIONS,APP_STORE_BILLING_SUBSCRIPTIONS,0.6881
golden_134,Why my phone charge so damn slow @115858,APP_STORE_BILLING_SUBSCRIPTIONS,APP_STORE_BILLING_SUBSCRIPTIONS,0.8999
golden_135,@AppleSupport my Apple Music isn’t working and no my subscription hasn’t expired,APP_STORE_BILLING_SUBSCRIPTIONS,APP_STORE_BILLING_SUBSCRIPTIONS,0.506
golden_136,"@AppleSupport when returning my current phone for the Apple upgrade program, do I need to bring the box and charger as well?",APP_STORE_BILLING_SUBSCRIPTIONS,APP_STORE_BILLING_SUBSCRIPTIONS,0.308
golden_137,"@115858 I just wanna kno why THE FUCK MY PHONE WILL BE TOTALLY OKAY WITH A CHARGER AND THEN OUTTA NO WHERE, ALL OF AH SUDDEN, IT DECIDES THAT IT DOESNT FUCKIN SUPPORT IT??????????????????? My next phone will definitely be an android, I’m sick of your shit",APP_STORE_BILLING_SUBSCRIPTIONS,APP_STORE_BILLING_SUBSCRIPTIONS,0.3677
golden_138,Thank you @115858 and @118721 for cancelling my Hulu subscription without any notice to me. Real nice of you. 👍🏼,APP_STORE_BILLING_SUBSCRIPTIONS,OTHER_OR_UNCLEAR,0.2879
golden_139,#ios11 drains the battery really fast!!😰😭 had to charge 2 x a day compared to just 1 before the update @115858 same w/ my husbands ip7 😭,APP_STORE_BILLING_SUBSCRIPTIONS,APP_STORE_BILLING_SUBSCRIPTIONS,0.4921
golden_140,@667661 @AppleSupport I bought the album on iTunes Store Friday and now it’s gone from my music and I can’t download it again .. I tried and it just says purchased ...,APP_STORE_BILLING_SUBSCRIPTIONS,APP_STORE_BILLING_SUBSCRIPTIONS,0.6065
golden_141,@AppleSupport I know but which charger should I use? The iphone charger or the ipad charger or ....?,APP_STORE_BILLING_SUBSCRIPTIONS,APP_STORE_BILLING_SUBSCRIPTIONS,0.7317
golden_142,@115858 @AppleSupport A week ago I bought this charger in the apple store of Georgetown. It’s the second time I used it and the charger plug broke.,APP_STORE_BILLING_SUBSCRIPTIONS,APP_STORE_BILLING_SUBSCRIPTIONS,0.9337
golden_143,"A 43 minutes usage of @123765, @4305 and safari causes 42% battery discharge. It is ridiculous!! #iOS11 drains #battery! @115858 @AppleSupport #iphone6 Typing this message even sucks another extra 5%!!",APP_STORE_BILLING_SUBSCRIPTIONS,BATTERY_POWER_CHARGING,0.7987
golden_144,@AppleSupport Is there a way to buy a extended warranty for a MacBook Pro bought a couple of weeks ago?,APP_STORE_BILLING_SUBSCRIPTIONS,APP_STORE_BILLING_SUBSCRIPTIONS,0.5065
golden_145,"49 agonising minutes on the phone to @AppleSupport for a replacement for a dud in-warranty charger. Guys, you need to locate your HQ in the middle of a paddy field because it is KNACKERED. #PutItInRice",APP_STORE_BILLING_SUBSCRIPTIONS,APP_STORE_BILLING_SUBSCRIPTIONS,0.4483
golden_146,@AppleSupport I bought a hi-capacity phone to cache content offline when traveling e.g. overcast or kindle books or Netflix offline. But all these apps and content gets backed up in my iTunes backup and eat up previous space on the MBP. Please help! Don’t want these in backup!,APP_STORE_BILLING_SUBSCRIPTIONS,APPLE_ID_ACCOUNT_SECURITY,0.2319
golden_147,@115858 why did my phone hold charge before the update and not now?? could go days before.. now not even a half day.. on 8% already???,APP_STORE_BILLING_SUBSCRIPTIONS,APP_STORE_BILLING_SUBSCRIPTIONS,0.5503
golden_148,@AppleSupport updated to ios11.1 beta 2 and my battery died last night *while plugged in to the charger* huh?,APP_STORE_BILLING_SUBSCRIPTIONS,APP_STORE_BILLING_SUBSCRIPTIONS,0.5609
golden_149,"Hey @115858 you should be embarrassed by iOS 11, my IP6s+ is now so slow it's unusable and I have to charge 3x a day! Why should I buy a new1",APP_STORE_BILLING_SUBSCRIPTIONS,APP_STORE_BILLING_SUBSCRIPTIONS,0.7355
golden_150,"Sooo about this ""this accessory may not be supported"" message I've been getting over the last 2-3 days no matter which charger I use @AppleSupport",APP_STORE_BILLING_SUBSCRIPTIONS,APP_STORE_BILLING_SUBSCRIPTIONS,0.3458
golden_151,@AppleSupport @530924 My phone is stuck like this and i tried turning it off but i cant because i cant touch the screen. I need help https://t.co/gm6ZuKsOF2,DEVICE_PERFORMANCE_CRASH,DEVICE_PERFORMANCE_CRASH,0.3657
golden_152,@AppleSupport it’s pretty bad when your own app keeps crashing on your own operating system. Also not helpful,DEVICE_PERFORMANCE_CRASH,DEVICE_PERFORMANCE_CRASH,0.3575
golden_153,@AppleSupport It keeps going up until it crashes or I restart. It’s a late 2103 MacBook pro and I know others have this problem https://t.co/49UXZtz0jv,DEVICE_PERFORMANCE_CRASH,OTHER_OR_UNCLEAR,0.4328
golden_154,"@AppleSupport, the latest OS links Calendars to Reminders. I've deleted the lists several times, but they come back. Am I stuck with them?",DEVICE_PERFORMANCE_CRASH,DEVICE_PERFORMANCE_CRASH,0.3038
golden_155,@AppleSupport They flicker and once I restarted it they came back and the screen was unresponsive for 5 mins,DEVICE_PERFORMANCE_CRASH,OTHER_OR_UNCLEAR,0.2938
golden_156,my #iphone8 #restarting every few seconds #problem fixed :). Setting date to 1st December helps. #apple #unhappycustomer. @AppleSupport,DEVICE_PERFORMANCE_CRASH,DEVICE_PERFORMANCE_CRASH,0.4385
golden_157,"@AppleSupport I’ve got a 6s on 11.0.3 it’s random crashes, no one app seems to cause it. Could be music, could be another app.",DEVICE_PERFORMANCE_CRASH,OTHER_OR_UNCLEAR,0.2371
golden_158,@115858 my phone has frozen abt 3 times in the last 10 mins when r y'all gonna fix this,DEVICE_PERFORMANCE_CRASH,OTHER_OR_UNCLEAR,0.2995
golden_159,@AppleSupport My Macbook Air (v10.12.6) crashes with Mac equivalent of #BSOD whenever I get an incoming call on my iPhone. Any way to fix?,DEVICE_PERFORMANCE_CRASH,OTHER_OR_UNCLEAR,0.2304
golden_160,@AppleSupport OS11 Ruined my iPhone 6s. Incredibly slow. Lagging buttons. Frozen screens. Can’t keep up with my typing speed. HELP,DEVICE_PERFORMANCE_CRASH,OTHER_OR_UNCLEAR,0.2725
golden_161,@AppleSupport @582167 My iPad is in the boot loop and my old ass Samsung never did that. Shit that things as old as the iPod,DEVICE_PERFORMANCE_CRASH,DEVICE_PERFORMANCE_CRASH,0.4179
golden_162,my Apple Music keeps crashing :/ help @AppleSupport,DEVICE_PERFORMANCE_CRASH,DEVICE_PERFORMANCE_CRASH,0.6743
golden_163,"Ok @115858 you bout to catch these hands. I would enjoy a FaceTime but it keeps bugging out and giving me just a black screen with no volume, then when it works it will repeat words that have been said over and over again. Explain. I want to FaceTime normally again",DEVICE_PERFORMANCE_CRASH,OTHER_OR_UNCLEAR,0.2649
golden_164,"@AppleSupport Reading tweets, I’m not the only one with the same problem. I realize it’s not with that app, it’s just my phone, keep freezing and I’ve been restarting it like 10 times today. Annoying.",DEVICE_PERFORMANCE_CRASH,DEVICE_PERFORMANCE_CRASH,0.3768
golden_165,@115858 my music icon has been frozen for 24hours WHY #FixItJesus,DEVICE_PERFORMANCE_CRASH,OTHER_OR_UNCLEAR,0.2845
golden_166,My MacBook is stuck on caps lock 😭 how can I fix this @AppleSupport,DEVICE_PERFORMANCE_CRASH,DEVICE_PERFORMANCE_CRASH,0.3417
golden_167,@AppleSupport my iPhone keeps restarting 2every 2 mins. How can I fix this?,DEVICE_PERFORMANCE_CRASH,DEVICE_PERFORMANCE_CRASH,0.5119
golden_168,@AppleSupport Bizarrely enough restarting completely fixed it. Whatever magic you did on the back end? Much appreciated!! 😘,DEVICE_PERFORMANCE_CRASH,OTHER_OR_UNCLEAR,0.3537
golden_169,Something is wrong with my phone. I’m on my old phone but my new phone (the X) keep restarting like wtf @115858,DEVICE_PERFORMANCE_CRASH,DEVICE_PERFORMANCE_CRASH,0.3917
golden_170,@AppleSupport my phone is crashing and locking automatically and it shows a black screen with apple loading logo. Please fix this. ASAP,DEVICE_PERFORMANCE_CRASH,DEVICE_PERFORMANCE_CRASH,0.9315
golden_171,@AppleSupport hey I keep having issues with my macbook pro 2016 model. graphics issues and it keeps crashing. not good considering the price tag I paid 🙄,DEVICE_PERFORMANCE_CRASH,DEVICE_PERFORMANCE_CRASH,0.2621
golden_172,@AppleSupport yo my phone keeps restarting and freezing up and now half my pics are stuck in photo stream but not in my camera roll. How the fuck do I fix this shit?!,DEVICE_PERFORMANCE_CRASH,DEVICE_PERFORMANCE_CRASH,0.3492
golden_173,@AppleSupport why is my E Mail always stuck on this screen? https://t.co/yPCReKsi5b,DEVICE_PERFORMANCE_CRASH,OTHER_OR_UNCLEAR,0.4253
golden_174,@AppleSupport I tried to do that. Didnt help. The screen continued to be on the apple logo,DEVICE_PERFORMANCE_CRASH,OTHER_OR_UNCLEAR,0.3428
golden_175,@246731 @AppleSupport I’m having the exact same issue on a 6S. It randomly crashes every app to a black screen with loading spinner. Hard reset doesn’t fix it either.,DEVICE_PERFORMANCE_CRASH,DEVICE_PERFORMANCE_CRASH,0.5708
golden_176,@AppleSupport ... The Animoji on my iPhone 8 Plus isn’t working right ... https://t.co/hFufL3ti5b,OTHER_OR_UNCLEAR,OTHER_OR_UNCLEAR,0.4058
golden_177,"@AppleSupport I solved it, and yes , there was an error message, but I did not take note of it",OTHER_OR_UNCLEAR,OTHER_OR_UNCLEAR,0.3762
golden_178,"Clock thing sorted out, by a restart- thanks @AppleSupport https://t.co/TulY7YLH01",OTHER_OR_UNCLEAR,OTHER_OR_UNCLEAR,0.6357
golden_179,@AppleSupport I have restored the iPhone but the problem continues,OTHER_OR_UNCLEAR,OTHER_OR_UNCLEAR,0.4045
golden_180,@AppleSupport why does autocorrect keep changing it to I.T !,OTHER_OR_UNCLEAR,OTHER_OR_UNCLEAR,0.5321
golden_181,@AppleSupport I live in the UK and the iPhone 6 I had before this replacement iPhone 6 I now have would let me turn off the camera shutter noise?,OTHER_OR_UNCLEAR,OTHER_OR_UNCLEAR,0.3578
golden_182,@AppleSupport iPhone X running 11.1 and it’s still happening. https://t.co/X9af1yGfTB,OTHER_OR_UNCLEAR,OTHER_OR_UNCLEAR,0.4249
golden_183,@AppleSupport I want some answers about my jacked up autocorrecting symbol keyboard situation,OTHER_OR_UNCLEAR,OTHER_OR_UNCLEAR,0.6375
golden_184,@AppleSupport @118721 WTF is going with #Itunes? I can’t add music to my playlists. I’m so sick of #AppleProducts not working!,OTHER_OR_UNCLEAR,OTHER_OR_UNCLEAR,0.4269
golden_185,@AppleSupport why is this happening? https://t.co/4DRzXw2IBn,OTHER_OR_UNCLEAR,OTHER_OR_UNCLEAR,0.7971
golden_186,@AppleSupport So far it’s the only app I’ve noticed having issues,OTHER_OR_UNCLEAR,OTHER_OR_UNCLEAR,0.2879
golden_187,My earbuds crapped out after only having them for a month wth @115858,OTHER_OR_UNCLEAR,OTHER_OR_UNCLEAR,0.2379
golden_188,What does this mean @AppleSupport Has anyone had this come up before ?? #Apple #iphone #ismyphonegoingtoexplode https://t.co/y8A3vM3VW0,OTHER_OR_UNCLEAR,OTHER_OR_UNCLEAR,0.5724
golden_189,i* you see 😤 @AppleSupport,OTHER_OR_UNCLEAR,OTHER_OR_UNCLEAR,0.5963
golden_190,"@AppleSupport ENOUGH! Do I️ have to get some creepy brick wall when I️ type I️ in an email? Fix this problem, please. #tcot",OTHER_OR_UNCLEAR,OTHER_OR_UNCLEAR,0.5232
golden_191,"@AppleSupport Well, they don't have any clue about it! lol",OTHER_OR_UNCLEAR,OTHER_OR_UNCLEAR,0.4413
golden_192,@AppleSupport Safari and other apps do not save them in my Gmailccount (but in my Cloudaccount). https://t.co/ucN7JiBDUH,OTHER_OR_UNCLEAR,OTHER_OR_UNCLEAR,0.3979
golden_193,@AppleSupport iPhone 7 11.1.1,OTHER_OR_UNCLEAR,OTHER_OR_UNCLEAR,0.4225
golden_194,"@AppleSupport Messages won't send to people , all the messages I get deletes, my resent call log stop working so if I don't already have a number save👎🏽",OTHER_OR_UNCLEAR,OTHER_OR_UNCLEAR,0.4498
golden_195,@AppleSupport Had time to reflect. Notifications. App background noise. Not opening correctly. Delayed response on many apps. Calendar issues. Much more.,OTHER_OR_UNCLEAR,OTHER_OR_UNCLEAR,0.334
golden_196,@AppleSupport help new phone and my photos aren’t loading on it?,OTHER_OR_UNCLEAR,OTHER_OR_UNCLEAR,0.2997
golden_197,@AppleSupport @115858 gotta love this new iPhone X camera... #iphonexcamera https://t.co/xgnCgmmFdO,OTHER_OR_UNCLEAR,OTHER_OR_UNCLEAR,0.63
golden_198,"@AppleSupport Please help.This issue has been going on for months. The notorious ""storage device full"". It doesn't add up Case: 100318159703 https://t.co/zPLKu0AsKB",OTHER_OR_UNCLEAR,OTHER_OR_UNCLEAR,0.5288
golden_199,@AppleSupport what the fuck is good w these I️ yo.,OTHER_OR_UNCLEAR,OTHER_OR_UNCLEAR,0.5788
golden_200,@AppleSupport FaceTime isn't working!,OTHER_OR_UNCLEAR,OTHER_OR_UNCLEAR,0.4972
